Transaction Name,Flow Name,Packet List Name,Transaction Duration (seconds),Network Time (seconds) ,Throughput Up (KB),Throughput Down (KB),Number of Requests,Errors,Analysis Score (Desktop) ,Analysis Score (Mobile) ,Transaction HTML Report Name
vuser_init_Transaction,,,0.0,0.0,0.0,0.0,0,0,N\A (no HTTP traffic),N\A (no HTTP traffic),report0.html
Action_Transaction,,,7.9,7.8,23.5,3937.6,48,1,79.0,82.5,report1.html
Top_Menu,,,6.5,6.4,11.5,1698.6,26,0,82.0,82.0,report2.html
Speaker_Select,,,0.2,0.2,0.9,1.3,1,0,85.0,85.0,report3.html
Item_Description,,,1.2,1.1,7.6,657.1,13,1,95.5,94.5,report4.html
vuser_end_Transaction,,,0.0,0.0,0.0,0.0,0,0,N\A (no HTTP traffic),N\A (no HTTP traffic),report5.html